n,merge,hybrid5,hybrid10,hybrid20,hybrid30,hybrid50
500,192,143,153,174,167,227
600,204,182,192,232,216,306
700,252,214,265,235,279,402
800,290,260,259,271,1954,540
900,330,329,357,324,497,443
1000,368,325,335,408,375,627
1100,491,363,463,561,516,772
1200,632,1318,971,608,687,2393
1300,722,677,1205,1237,752,2908
1400,729,663,1527,1081,845,3162
1500,825,700,626,1165,905,1559
1600,1212,714,649,689,1403,1361
1700,1448,885,706,2543,3143,1143
1800,3323,910,3263,1153,3310,4471
1900,1176,3218,1006,3211,3099,1397
2000,3043,1033,3424,3163,1188,3574
2100,2872,1280,2076,1134,1649,2190
2200,1449,2599,3054,3262,1308,3367
2300,1455,3147,3507,3007,3596,1835
2400,2960,3107,3372,3424,3439,6232
2500,3357,1493,2793,2456,1436,2218
2600,2200,1149,2323,2397,1377,3113
2700,2398,2098,1647,1430,2596,2878
2800,2014,1310,2139,1276,2172,2497
2900,1451,1597,1263,1905,1401,2803
3000,1848,1582,1636,1295,2140,3256
3100,2104,2687,1741,1568,2139,2164
3200,1913,1761,1801,2306,1594,3102
3300,1723,1285,1769,1383,2269,1736
3400,2049,2443,1724,1969,2130,1972
3500,1992,1507,1958,1543,2351,1962
3600,1863,1666,1695,1994,1892,2388
3700,2296,1469,2284,3093,3221,3195
3800,1996,2415,2141,2381,3946,3417
3900,2894,1880,2046,2095,2633,3450
4000,2693,2499,2310,1986,2749,2497
4100,1974,1850,2424,2204,2543,2883
4200,2329,2253,1966,2967,3202,3423
4300,2691,2095,2015,2016,2042,2783
4400,2210,1792,2080,2045,2218,3340
4500,2248,2944,2079,2058,2404,3042
4600,2359,1831,1970,2310,2174,2934
4700,2370,2470,2112,2207,2302,3421
4800,2302,2259,2095,2351,2398,3099
4900,2217,2243,2135,2489,2614,3502
5000,2262,2133,2237,2939,2534,3268
5100,3025,2437,3347,3726,2944,3933
5200,2645,2151,2311,2520,3564,3721
5300,2590,2389,2410,2356,2638,3999
5400,2892,2403,2636,2656,3055,3710
5500,2806,2772,2421,2419,3058,4063
5600,2587,2325,2463,2849,3266,4382
5700,4550,4385,4804,3021,4079,5257
5800,3596,3143,3813,4558,4410,6331
5900,3377,3462,2895,3583,3653,5867
6000,4364,2858,2834,2692,3404,4327
6100,2905,3186,2669,2866,3265,4817
6200,3116,2611,2938,2922,3492,4607
6300,3061,2700,2915,2888,3709,5235
6400,3298,2736,2670,3267,5141,9365
6500,3505,3375,3428,3459,4334,3957
6600,3185,3770,3471,3111,3623,3936
6700,3816,3198,3103,3218,3686,4335
6800,3636,3348,2917,3262,3922,4620
6900,3536,3094,3098,3285,4003,3961
7000,3544,3575,3319,3754,4077,3974
7100,3512,3290,3359,3632,3991,4719
7200,3610,3552,3704,4036,4384,4152
7300,3548,3175,3247,3792,4388,4889
7400,3665,3209,3570,3643,4572,4517
7500,3588,4439,3451,4094,4766,4358
7600,3706,3411,3707,4270,4880,4563
7700,4206,3742,3639,4822,5065,5578
7800,4912,5810,6473,6338,6893,6325
7900,6641,5690,5406,5639,5245,6043
8000,4037,4248,4887,4515,4177,5339
8100,3852,3775,3827,4222,4006,5446
8200,3972,3738,5358,4488,4056,5070
8300,4756,4144,4183,4052,4060,5384
8400,4329,4069,4151,4643,4143,5262
8500,4178,4722,3924,4378,4962,5986
8600,5207,4672,4161,5314,5208,7631
8700,4231,4246,3952,4535,5304,6290
8800,4477,4113,4336,5506,4621,5510
8900,5280,7422,4478,4948,4921,6158
9000,4519,5572,4797,4844,4848,6268
9100,4652,4015,4329,5068,4791,6306
9200,4574,4110,4178,5266,6219,6512
9300,4656,4942,4906,5159,4976,6517
9400,5286,6097,4873,7544,7214,8981
9500,6697,6076,7071,6305,8399,9175
9600,6356,5645,5154,5229,5026,6644
9700,5319,4855,4640,5283,5311,6707
9800,5150,4580,4657,5091,5244,7541
9900,4943,4773,5213,5697,5133,6977
10000,5055,4572,4928,5295,5667,7378
10100,5487,4895,5531,5277,5408,7570
10200,5139,4599,5509,6330,5515,7233
10300,5682,5021,5146,5502,5589,7634
10400,5649,4803,4766,5844,5932,7439
10500,5245,4767,5340,5301,5756,7354
10600,5841,4969,5525,5527,5962,7647
10700,6189,4898,5378,5363,6060,8072
10800,8340,9399,6769,6731,7475,10500
10900,8283,6485,5898,5922,8515,7962
11000,5754,5190,5878,5304,6108,8097
11100,6051,5047,5404,5600,6695,8481
11200,6019,5295,5506,5561,6080,8880
11300,6630,5143,5316,5735,6775,8513
11400,6009,5772,5187,5657,6347,8740
11500,6204,6520,5323,5934,6409,8753
11600,6228,6324,5723,5797,6577,9414
11700,6005,5921,6239,5985,6594,8912
11800,6584,5632,5565,5899,7084,8837
11900,6283,5708,6293,5949,6726,9093
12000,6855,6514,9860,7232,8582,11070
12100,7125,8340,7748,7309,8742,10682
12200,6204,6320,5955,6339,7422,14108
12300,7457,5802,6238,6733,7026,10052
12400,6601,6049,5855,6214,7418,9853
12500,6338,6471,6300,6001,8085,10243
12600,6683,6090,6706,6528,7392,11269
12700,8558,6026,6646,7122,7359,10486
12800,7049,6559,6615,7619,7741,10240
12900,7583,6553,6269,6526,8183,9238
13000,6961,6500,6325,7322,16002,13187
13100,10145,8627,9096,11609,10528,10811
13200,7889,6971,6191,6813,8103,8082
13300,6884,6398,7087,6920,9015,8710
13400,7331,6539,6727,7288,8746,8141
13500,7688,6758,6377,7328,9104,8101
13600,8809,6890,6523,6963,8516,8609
13700,6987,7446,6998,6778,8651,8262
13800,7381,7610,8398,7296,9057,11305
13900,7670,7154,6648,7090,8293,9873
14000,8175,7333,6744,9691,13683,10855
14100,9312,8714,8227,9660,10404,12603
14200,8217,6864,6737,7764,9529,9467
14300,7739,6820,6936,8699,10996,12098
14400,8662,7341,7288,7646,8665,9905
14500,7685,7097,7150,7640,10569,9773
14600,7747,6968,7277,7804,9087,9871
14700,7935,7102,7301,7584,9124,9277
14800,7660,7110,7300,8284,9962,9471
14900,7796,7217,7701,7737,9671,14797
15000,12302,10432,9829,16054,12643,12388
15100,9833,8057,8611,9182,10803,9824
15200,8923,8019,8236,10470,9885,10483
15300,8713,8259,7989,8711,9979,11699
15400,9208,8202,8238,8359,9943,10261
15500,8122,7798,8307,8448,9880,10902
15600,9179,9523,8182,9964,9326,10334
15700,9130,8534,8286,9877,8807,10634
15800,8633,8386,9677,11225,10925,13956
15900,11075,8555,10269,11065,9521,10873
16000,9167,8375,9212,8952,12165,13590
16100,12011,9234,8942,8840,8673,10459
16200,9421,8725,8898,10052,9630,11514
16300,10757,11444,10565,9859,9788,10953
16400,9828,9605,8741,9525,9536,11815
16500,8895,8605,8807,9196,9448,11173
16600,9464,9250,11453,16466,13257,22376
16700,12629,11162,9933,10039,9590,11348
16800,8964,8818,9137,10539,9516,11136
16900,9473,9044,9453,9482,9485,11706
17000,9266,9190,9374,10179,11130,11592
17100,9677,9552,9357,9744,9548,11984
17200,9213,9123,9237,9930,10499,11697
17300,11548,9753,10040,10037,10262,13306
17400,12060,12647,11309,14141,11921,16000
17500,10307,9150,10438,10966,10191,12342
17600,10349,9363,9828,10292,10677,12881
17700,10653,9794,9747,10320,9748,12665
17800,10639,9565,9633,10093,10408,12718
17900,10747,9456,9701,10552,10680,15157
18000,10189,10041,10001,9916,10491,13253
18100,10026,9814,13366,13488,13538,17212
18200,13378,13735,13464,13826,12296,17074
18300,11011,9831,10302,11079,10380,13373
18400,10456,10097,9972,12153,11508,13310
18500,11295,9766,12279,13555,13968,12855
18600,11881,9632,10428,11128,10810,14532
18700,13197,10581,9883,10845,12703,15769
18800,14942,12628,12392,12156,14763,16000
18900,11459,10300,10368,10958,12177,15018
19000,11333,10111,11098,10758,11020,14276
19100,11362,10161,10854,11067,11247,14770
19200,11705,10517,10312,12818,11511,14870
19300,12190,11124,10967,12476,11864,14155
19400,11300,10425,10678,16165,15003,18104
19500,14902,11958,14912,11490,14983,18492
19600,14715,14631,13469,15024,12518,17959
19700,14201,13427,15399,13953,13831,16204
19800,14284,12785,17434,15976,12455,15707
19900,11696,10538,11217,11568,12101,15082
20000,11617,12839,14645,14266,16526,18462
20100,14839,12929,10723,12535,11558,16401
20200,11790,11002,12050,14251,13854,15519
20300,11564,11701,11470,13200,12821,15733
20400,11820,11040,11790,12432,12799,15219
20500,13385,11365,11816,12130,13606,15558
20600,12011,12062,14974,16024,16629,20639
20700,15263,11196,11847,12569,15013,15938
20800,11949,11440,11291,13650,13008,17875
20900,11505,11286,11212,12260,11860,15748
21000,12155,12036,11335,12872,12486,16696
21100,12080,12319,11632,13061,12266,17224
21200,13009,13140,15928,14367,20162,28441
21300,16421,12861,12327,12397,14387,20006
21400,13143,34587,38587,41835,47623,64243
21500,24273,19344,18313,17007,25321,42632
21600,17759,19011,14741,12789,16953,20202
21700,13042,11744,13209,13192,13128,17905
21800,14274,12785,13535,12227,13241,17218
21900,13422,12316,12235,14323,19442,22924
22000,25964,21332,27504,29124,43109,53467
22100,45265,39913,41612,39720,49631,59175
22200,37784,40914,41057,40956,49383,60791
22300,40363,43962,37480,43731,45442,63109
22400,42638,41573,40937,42665,48676,57579
22500,25511,21515,24833,22590,25833,30403
22600,26453,25488,25658,33646,46806,66000
22700,46974,41468,35508,42515,43191,38393
22800,21096,15104,24378,15736,14486,18447
22900,22849,18070,18153,17761,22977,19730
23000,19794,12448,13391,19741,18328,32396
23100,24217,33794,24317,40482,22942,63195
23200,45221,41687,21412,30771,51423,48342
23300,30965,22298,29996,21939,29812,28806
23400,16339,18970,25254,15304,15246,19971
23500,21614,15071,19538,23865,48221,44443
23600,27616,29163,29818,21192,50384,70100
23700,50061,44566,40347,45139,49215,75617
23800,51380,44801,44456,47507,53478,68341
23900,47600,44744,42347,43327,42945,42503
24000,23936,32812,42050,51267,63113,73304
24100,47794,44660,44587,47641,54183,73272
24200,34239,20611,29877,28596,30662,40634
24300,15787,14339,16202,14806,16055,21061
24400,14546,14792,13746,14997,27992,33072
24500,15024,13805,13231,14107,17079,36268
24600,20427,16830,18560,15804,15861,21803
24700,14062,14130,20184,14846,16245,30056
24800,22034,16727,13744,14713,17519,23325
24900,15590,14093,24083,22983,17845,27635
25000,16134,18663,16537,19127,19326,23672
25100,15565,14410,16390,15354,18104,23668
25200,14882,14260,14683,19895,22561,22459
25300,14648,14680,14031,17153,16412,21996
25400,14359,14188,14454,14169,27315,30708
25500,28100,40235,23687,21931,29644,47218
25600,18901,17404,30012,28672,30260,40946
25700,21839,15941,16961,16155,23989,46468
25800,24442,19131,20577,20341,20423,22115
25900,16507,19649,20804,16907,19557,19445
26000,15128,13886,14910,15922,17430,21171
26100,22550,15528,15074,15866,17091,20554
26200,16524,16000,30355,33714,30544,26516
26300,17764,14741,14957,14805,16994,17426
26400,14990,16295,19630,26750,27547,30727
26500,30298,25956,15731,15886,23497,19577
26600,17069,38926,51649,31958,28979,26407
26700,26317,18243,16669,15621,19140,16932
26800,18255,15707,15980,15165,17248,21353
26900,24004,23868,22384,41418,42653,52316
27000,57892,38331,25062,27268,20177,29344
27100,24614,21853,16243,19521,20291,37794
27200,31859,16865,18592,16972,20622,19732
27300,18311,24113,17728,18746,26019,25635
27400,29022,20661,16213,17207,19758,21384
27500,20410,16409,16672,17130,21305,23038
27600,19691,16982,17783,17663,21544,22344
27700,18911,17672,19808,18237,22938,26887
27800,23883,25725,24986,24230,27630,20771
27900,18791,18522,16985,19977,23727,22033
28000,18797,20003,16829,24519,25452,22045
28100,18639,18028,17140,29008,53943,51883
28200,25287,27497,31109,38324,34874,23985
28300,16885,15611,15175,17473,22982,19198
28400,16667,16866,16554,16085,20518,18927
28500,17386,17080,16292,24796,26088,26470
28600,20364,16726,16875,16504,19842,19508
28700,17378,17611,16027,17096,20152,24543
28800,18839,16467,15755,19487,19033,20245
28900,16802,16296,16737,18482,24044,32053
29000,22878,21565,17590,17634,19207,21852
29100,16799,16897,16044,17978,19635,20320
29200,18171,18833,16239,17045,19961,21442
29300,20165,18478,16502,28088,27176,40475
29400,41704,30083,34206,29020,26478,22896
29500,17965,19967,25284,45932,21797,21687
29600,17595,16481,19567,17276,32254,23995
29700,20178,16791,25110,22109,40079,22822
29800,17820,16684,16398,19365,22775,21087
29900,18238,17195,16615,19327,20469,21222
30000,17765,16599,15983,18655,21697,21158
30100,18711,15545,18029,46071,32757,28411
30200,22446,16827,17077,19586,20590,21457
30300,17070,16160,16446,17669,22385,22578
30400,18274,16050,17325,17296,20988,21100
30500,17388,19179,15800,27678,50177,53892
30600,40846,44485,23782,32300,40226,35905
30700,20360,20687,41120,34876,42565,40458
30800,30450,38544,52571,47595,53837,47577
30900,34078,34664,35183,54008,32341,33218
31000,24034,17225,16885,17762,20442,22903
31100,17471,17109,19623,26019,26208,25636
31200,18493,18150,17231,17806,19814,24029
31300,19031,27113,36099,21492,20912,39300
31400,33820,32400,28737,50909,32670,49784
31500,34791,28339,23526,19690,21338,22506
31600,18400,18871,17100,18739,18814,22185
31700,18167,17842,17540,19644,19438,36488
31800,51637,43587,29302,29815,28901,41906
31900,31023,23288,17340,20831,37941,38815
32000,19550,19478,18076,19759,28885,37523
32100,45970,45344,41489,45435,23540,35149
32200,41960,27313,23054,33338,41581,27531
32300,20758,24311,22436,22816,21103,25266
32400,19853,30149,44295,52784,50604,52188
32500,33502,24744,27242,33726,27854,33844
32600,38669,27680,20500,19720,19776,23028
32700,27031,23833,21396,23864,24322,28921
32800,41075,41121,21231,23576,40977,35351
32900,22159,25787,33112,32393,29025,46929
33000,49319,31295,23121,19665,21041,32281
33100,38507,19944,22442,31877,23242,25825
33200,19885,20687,17768,20251,42898,35123
33300,41934,56603,34455,52976,34235,60185
33400,21342,17370,18585,29445,25567,24882
33500,20125,18365,21355,19900,19772,23974
33600,19271,34413,23235,30734,25395,25156
33700,18981,25807,63271,51726,34756,52801
33800,34117,29831,28536,28828,42420,31020
33900,23044,21712,22253,41398,29260,34213
34000,31294,27465,26052,33289,47359,82681
34100,70933,66932,63289,50715,34254,45591
34200,28512,25351,20611,23474,22424,28335
34300,27190,19669,24132,22220,26794,68878
34400,70324,30748,28312,36489,33642,50863
34500,29181,20598,20385,21360,20508,26016
34600,21658,19011,19176,21044,27241,32889
34700,24230,18606,21938,21009,20589,25718
34800,21993,18678,19226,21204,20316,25947
34900,21439,19109,18986,21087,21023,27204
35000,20145,19609,24583,25803,28055,26748
35100,20527,20618,19846,21399,20823,25677
35200,22090,20338,38001,22737,21137,25328
35300,21355,20637,21610,22027,29132,32733
35400,28501,19735,19582,21686,22345,25865
35500,22417,20012,20844,21733,21316,27918
35600,21379,19160,21773,22336,22778,26545
35700,35373,66239,67315,83113,77322,41294
35800,28792,24254,20353,22600,23666,28417
35900,23431,19895,20648,22086,25302,26278
36000,22162,20597,24470,27318,25660,38016
36100,28613,21991,23178,25029,32620,34423
36200,22916,21064,21772,22977,22039,27937
36300,22258,19148,22198,23108,31189,32593
36400,26958,21317,24859,25893,22439,27179
36500,21368,21731,22618,21733,22919,29706
36600,23158,19635,21653,22318,22267,30352
36700,29734,25361,29166,23431,22544,28759
36800,21382,19674,21678,29520,22575,27023
36900,25920,21196,20902,22735,27682,30123
37000,23761,25888,24227,25796,25494,29624
37100,26104,20572,21736,24954,25589,30674
37200,21972,23653,20297,22263,24591,28295
37300,21618,21362,21833,36461,39672,30230
37400,22311,22729,20997,23714,28618,28916
37500,23032,20494,21729,22748,22398,28007
37600,28408,28696,26481,43289,44010,37962
37700,23978,26143,27827,28471,27926,33058
37800,23098,21223,25112,27664,27654,37203
37900,22534,22159,26421,42659,33386,37456
38000,42160,23835,25354,32271,26273,37075
38100,38682,70094,34497,25260,24621,39729
38200,46930,45348,37157,41619,33422,33390
38300,25872,28876,46651,63900,34205,40715
38400,42041,46199,45862,79200,49612,45337
38500,29971,22486,30440,30809,28467,39925
38600,31653,27063,36266,41492,72370,111874
38700,86811,73143,77250,62900,69096,63336
38800,33074,28528,33879,32308,27541,33300
38900,29213,39777,44198,52807,37704,54471
39000,37469,35242,29696,30477,27129,36050
39100,28196,26547,59114,38887,47106,71399
39200,56084,51641,52546,52823,60802,70992
39300,60538,61010,53817,65853,59366,74040
39400,77342,62494,40907,48329,45197,87788
39500,48704,26235,22786,34948,39437,37486
39600,31988,35045,40462,29317,31420,69852
39700,68116,48718,57696,79743,39409,46236
39800,44847,40668,62435,50591,41937,42742
39900,30722,50167,70887,78529,51033,90244
40000,61432,51502,51896,56139,65212,108425
40100,79643,76199,53355,57584,51171,40165
40200,26890,25803,25129,71717,85461,108198
40300,83662,74814,77403,86859,88917,108183
40400,86487,79937,82927,85911,86850,118356
40500,80452,76019,78617,88968,87787,112991
40600,85086,79705,80644,96148,92316,112122
40700,44195,37531,57484,76023,39854,62150
40800,52726,56216,33619,33298,29448,33870
40900,25312,25719,24524,34889,48434,47090
41000,24685,22681,23848,30810,58945,45755
41100,39400,24364,27989,28464,31033,36589
41200,27732,25110,26124,57081,32837,43160
41300,32489,33093,29557,30266,25744,44605
41400,61482,23827,23473,25145,29126,34679
41500,32551,26121,25912,27438,41736,79171
41600,59894,27477,23519,38665,48673,35711
41700,26103,27958,38042,37953,28255,42807
41800,56237,36977,56488,54355,40109,51998
41900,25473,26071,24324,27253,27950,35655
42000,24679,26500,27987,31733,33868,41761
42100,30702,35159,43957,29570,28930,36538
42200,25329,22766,24341,27504,35771,85815
42300,86126,44446,44758,27941,28745,36670
42400,41739,47160,40898,47927,45702,36324
42500,26609,27421,30384,30568,30568,53243
42600,47716,35106,27113,28446,28251,36108
42700,25313,23190,23836,25749,31612,60041
42800,57116,30349,24612,48717,42631,37437
42900,34786,30151,26762,27302,31748,36786
43000,27082,33078,36652,35468,36876,47483
43100,31751,26162,31917,28675,28226,34814
43200,40787,78091,76304,80116,61391,67804
43300,66919,47649,66667,35368,48979,55242
43400,48469,40887,29453,34210,32202,40804
43500,67177,77918,88209,84083,96389,127600
43600,92812,86030,88305,79934,98826,124039
43700,92119,68338,44412,39905,32548,39818
43800,29023,25298,47791,45483,37843,93587
43900,77400,70731,62796,42678,64066,56337
44000,56569,30040,29093,28022,61795,93477
44100,55345,34578,51527,51156,46271,59490
44200,35507,28988,26904,42329,102254,125543
44300,92595,84272,93442,99371,98051,96704
44400,85878,82758,68394,63611,96113,306218
44500,90722,83391,81780,64638,64604,120244
44600,76557,87225,81556,93759,76381,82827
44700,98075,89421,83434,91943,94106,131118
44800,96093,91836,87598,89651,100374,137346
44900,98537,89220,85917,87039,99114,131926
45000,92682,90056,47329,53419,55120,91515
45100,62859,48188,46238,79625,106544,114371
45200,63203,86870,73561,41058,44825,59536
45300,35990,48897,37230,32363,35971,44143
45400,36022,30160,42293,49620,47182,61639
45500,38465,32243,34670,29334,33373,53367
45600,76868,67355,33327,30603,37433,46788
45700,40482,27712,28326,30144,31030,40232
45800,28858,26979,26005,32417,41003,51197
45900,33260,27156,25422,28693,36787,40893
46000,28668,33875,27662,28225,32165,41405
46100,37850,42727,41171,29779,34043,40334
46200,34165,44041,29701,28581,43427,45672
46300,30501,28637,36842,33961,34503,42660
46400,29044,27470,25676,31004,37426,40891
46500,32233,27191,26816,29669,45109,66102
46600,33892,27441,27324,32791,36887,45747
46700,33631,26918,28097,28246,31799,46549
46800,38972,34527,35351,30250,33143,43137
46900,29693,28246,26711,28661,33211,42482
47000,29419,27938,28215,35467,42509,47542
47100,28809,29881,27787,27839,33243,44228
47200,29220,27088,32207,29173,32171,48810
47300,36564,35791,28011,29527,34470,43512
47400,28673,29715,29750,30060,32383,44026
47500,28739,28284,36015,37675,39193,42801
47600,30325,28819,27551,29234,34268,46897
47700,30000,27394,30533,31011,38758,54680
47800,33017,27985,27363,29836,33550,43572
47900,33916,29701,28217,29596,33365,42198
48000,31489,39944,33090,31895,33244,43519
48100,34547,29837,33380,29998,32964,45269
48200,31576,28553,31654,52159,41870,47274
48300,32718,28465,29257,30477,36907,44778
48400,30890,30589,29077,32918,40995,73952
48500,39495,31140,29780,32081,38754,52334
48600,32441,34358,29014,33157,36387,65732
48700,40389,37108,31758,41030,46461,55263
48800,35230,41416,56489,41664,42915,66760
48900,54123,41915,35330,32005,40093,51777
49000,33193,31825,34481,37306,47492,66520
49100,41182,35600,36590,34528,39988,50196
49200,40322,32253,33476,36821,41156,68626
49300,46009,30775,32551,36969,41072,54218
49400,34948,33520,33917,46148,40305,69457
49500,44990,34237,37156,37995,40320,57294
49600,36931,32657,31946,32887,39481,66067
49700,45697,32743,34942,41021,38748,54061
49800,37779,31973,35471,39997,49182,77056
49900,50072,33527,32085,33945,41186,52157
50000,37691,32132,32624,34895,40910,69893
50100,41540,37248,31234,31794,40054,49406
50200,33736,36161,30639,37517,39187,55919
50300,44076,41218,42351,35988,38156,58944
50400,37491,33170,31167,33499,38718,61024
50500,45261,43466,35233,32683,40000,50750
50600,36720,32602,33213,40979,38993,59524
50700,43311,41266,33410,32542,37203,52161
50800,34971,33234,30666,40039,42250,56255
50900,50815,38858,35089,34751,38786,54997
51000,36500,33105,34156,38177,37915,55066
51100,45778,44682,39088,34172,40343,53377
51200,35160,36587,31728,34200,38577,53354
51300,48659,46059,33646,31880,38423,55112
51400,50281,37322,33465,37545,48585,55449
51500,51170,47522,39041,44059,49807,57964
51600,42933,30616,33921,32375,35908,56991
51700,45144,35083,36646,33006,38805,47443
51800,36811,38484,34092,37690,50086,51025
51900,51422,43469,34309,36887,39612,51544
52000,38602,32876,31611,35595,39512,42958
52100,46926,43413,37026,35118,41825,41405
52200,37399,32844,32736,33702,41976,41181
52300,52797,52552,42233,36405,41292,40971
52400,37862,37691,33351,37410,41643,39191
52500,38662,43020,41148,54182,46909,41591
52600,38654,33838,33088,35391,44476,42577
52700,35376,39635,45683,41222,42584,41291
52800,35872,36872,33764,35685,43699,40434
52900,37445,37602,45321,44055,57823,49441
53000,48049,49185,47401,37583,44514,51087
53100,44997,48477,46579,36797,43768,43711
53200,38152,55425,61361,56043,90248,118536
53300,101488,104293,94574,91769,93860,122152
53400,110807,76432,72691,59339,60876,54763
53500,38728,40979,54955,59546,131085,131805
53600,40819,40002,53678,80572,91692,92139
53700,113288,107737,49719,36752,92178,141394
53800,125988,108978,108534,123701,99589,53115
53900,37135,32169,34160,34305,55425,53244
54000,33622,33346,33961,42336,47559,40452
54100,34580,33697,37393,35214,39839,41053
54200,35906,34542,54982,74414,52612,61670
54300,52121,57599,39918,37191,41497,53017
54400,70744,103997,59807,64639,39384,38225
54500,38251,31650,31274,33882,40859,40523
54600,35872,32865,40393,43433,43135,41584
54700,33790,32975,32125,33687,40773,40493
54800,34357,31867,35127,44972,51142,40637
54900,38484,35694,32339,33995,39861,39402
55000,34545,32995,34432,35640,50716,49110
55100,35885,32740,32323,33910,39014,39657
55200,35543,32495,33486,34042,46352,54481
55300,44128,38932,33271,35210,41257,42034
55400,34643,32129,34161,35260,41659,55861
55500,40328,34935,36080,37337,41170,41731
55600,34223,35055,32471,35009,39877,49050
55700,44767,40395,33850,34528,47587,40585
55800,34533,34422,32171,34432,41430,41965
55900,47643,42066,33428,34956,42785,40758
56000,37161,34254,32983,36834,48006,40866
56100,42822,43208,38818,37581,41982,40847
56200,35895,33400,32457,34289,41982,41009
56300,37421,42519,38044,41684,40783,40981
56400,36624,32951,31976,34937,41539,43316
56500,38668,51309,47151,40793,41256,47671
56600,50559,37032,33629,37869,49033,41907
56700,37772,41561,40938,39229,41858,41540
56800,37122,34774,32417,36348,40752,40549
56900,37898,42704,55453,49623,59741,42915
57000,35752,34394,34700,37262,42400,41339
57100,37247,45935,42827,41470,45769,43043
57200,36088,35400,34793,36469,43616,45640
57300,57018,47811,50583,40958,43167,42340
57400,39554,34827,34092,35563,44696,41960
57500,46376,41554,37808,38143,42505,43443
57600,40241,44691,36919,36364,50173,44758
57700,49504,41291,38100,41994,43163,44602
57800,37356,34199,38790,41681,42925,53849
57900,49633,39385,36383,36487,45655,46878
58000,35960,35614,34699,36473,44612,55078
58100,49640,34587,35466,37317,43566,43826
58200,39367,35479,33960,37403,41904,53571
58300,46951,37556,34044,44889,43632,42052
58400,37487,34875,36227,36297,42769,53713
58500,43164,38046,36972,36555,46683,43239
58600,38795,34844,39015,37099,46892,56138
58700,41761,41187,42686,37675,46448,52417
58800,46238,36067,37694,40759,61112,59659
58900,42014,41583,37391,41173,47366,50239
59000,40335,37248,39397,58571,63868,45101
59100,41083,37120,40522,43737,45510,45361
59200,39191,35862,52031,49241,46189,47239
59300,38441,37047,35566,37190,46128,45290
59400,38530,38182,44060,46573,51643,45415
59500,41345,37789,37692,40193,45150,43935
59600,38366,49246,61558,80717,49770,46952
59700,53844,64462,65777,89528,80420,80321
59800,81440,64561,40308,36840,48625,66132
59900,65787,46659,50584,56234,50128,57255
60000,48976,38524,37808,37733,60671,57320
60100,46216,39660,50449,40367,47101,45858
60200,40471,41498,41552,80500,104259,63076
60300,67096,44820,50036,59019,66779,69890
60400,87595,94236,75525,89185,99952,151736
60500,123797,89360,108478,124492,148810,110315
60600,77890,74656,73848,129672,149629,151767
60700,130781,120776,116520,126477,146764,148479
60800,127784,118504,113396,124723,147423,153077
60900,131275,123937,121534,127610,148072,152173
61000,127355,115296,117967,122625,98163,45713
61100,38826,40907,38361,39205,47101,45258
61200,41123,49632,51961,48225,117244,162286
61300,130061,121164,118327,129793,111490,54736
61400,47768,36983,37291,39093,45848,47550
61500,45616,44439,40723,40526,54278,58846
61600,44915,36830,35489,75741,57189,66163
61700,39623,41333,39464,38268,52024,45751
61800,37636,35615,35816,49853,59894,52817
61900,40589,35987,35683,39836,47766,48059
62000,38199,35962,41273,47938,50058,46185
62100,38691,36026,37358,41322,52726,55564
62200,41474,55145,53348,47873,93376,77900
62300,61879,47307,55546,76494,110954,106494
62400,67791,51406,41798,51194,49394,95603
62500,81598,55080,58146,65998,62102,66509
62600,78894,111572,121587,82798,50801,57686
62700,45273,41095,42008,43540,45704,54960
62800,52375,62128,54465,45697,47308,57571
62900,42755,39572,40016,40935,71812,125160
63000,49441,38015,36929,40861,49423,70222
63100,47478,39172,41086,56747,80573,53342
63200,43946,41612,38954,42356,47667,102134
63300,69559,58817,55650,49642,52499,65858
63400,42519,38087,47797,72876,67829,67111
63500,41820,52063,41321,53885,46611,58309
63600,75161,55044,60698,50779,52811,60253
63700,49035,56178,111975,74859,66555,48870
63800,44692,87273,44574,55212,88062,168574
63900,125858,50965,79957,72463,74599,138801
64000,133482,136662,121582,104487,104397,139297
64100,130814,111686,65466,103128,88801,78923
64200,106905,126883,138349,137668,98368,103268
64300,67566,53508,47734,46546,44415,106002
64400,42631,38254,41033,59051,61649,72883
64500,44195,54968,39484,43532,50488,54111
64600,41266,52402,57810,46004,56237,52221
64700,49445,39506,54815,42960,59058,68346
64800,53776,46240,42913,42170,53378,51556
64900,46437,45646,50783,61777,51319,54492
65000,48112,43899,46399,46505,49465,64814
65100,62985,52314,47806,41939,55329,78879
65200,51801,49138,39906,64184,53713,62121
65300,39978,38144,41169,42596,41940,55376
65400,46350,58516,56124,51808,46099,50013
65500,49605,46661,46653,41613,46815,58883
65600,74596,65010,64012,59103,51033,59237
65700,55505,49570,63293,65956,52650,58770
65800,61998,68662,54086,65220,117677,92465
65900,75976,64904,50343,75662,56799,59622
66000,65176,53298,50922,74920,71332,85471
66100,68222,45505,52767,47581,49317,57745
66200,44970,50013,43480,44503,43970,61284
66300,70560,41397,42820,49628,63844,67064
66400,43169,66517,118522,101014,87431,115543
66500,106389,132963,103055,95653,62913,57903
66600,48285,58610,65201,62685,136269,178186
66700,113056,99289,110630,109832,97148,104110
66800,69793,58063,63197,140040,134347,181412
66900,130907,109648,93029,61138,77798,103433
67000,113155,143483,140223,110773,90847,123275
67100,136622,144412,92279,69653,61701,79493
67200,62121,63180,67241,128899,107805,103894
67300,81907,84461,62303,109619,139563,185664
67400,146113,140843,140608,149353,147324,177013
67500,144037,126502,116198,153008,143740,182274
67600,112638,117534,143866,105471,76747,102576
67700,88456,77457,115344,74758,121770,126469
67800,117480,97925,118388,120854,98168,88930
67900,86636,61729,53128,87023,106483,120970
68000,111344,128461,119558,115294,90284,133862
68100,107070,130418,85015,70949,112425,112732
68200,104310,126627,88463,89552,107602,105088
68300,120088,87031,70228,125956,152815,110463
68400,85401,93751,77061,96588,107689,142754
68500,55603,49661,117509,138801,146216,163258
68600,148221,126338,143781,156761,90633,82104
68700,60137,52971,48348,107089,70640,65573
68800,52740,44695,84596,50916,53501,76335
68900,73821,52889,91927,58785,91322,67580
69000,72456,68374,81823,51858,59417,61834
69100,53925,58314,123109,68833,53500,60325
69200,56417,48269,75615,61646,64265,82036
69300,56568,47932,70683,75950,53729,70278
69400,70642,61312,72694,67137,56555,80871
69500,58990,55170,127715,76462,53326,79644
69600,56318,52583,102450,102125,77152,71269
69700,49595,51089,89389,56163,64087,83052
69800,51270,48536,79572,58750,55022,66938
69900,74016,79233,65897,56740,59711,68477
70000,57482,56054,69580,103638,58096,61651
70100,55531,49999,57950,92463,62963,86362
70200,61453,49657,79878,58252,58784,67562
70300,71866,57918,91180,57210,53260,69469
70400,55172,65588,107895,62828,58239,68821
70500,52463,81508,88294,137377,84292,89924
70600,87809,121183,72293,83452,81269,137452
70700,125344,51513,53671,121384,59570,116776
70800,105095,83642,141262,107863,91341,205001
70900,156583,115476,64441,63758,157692,196095
71000,153035,103359,60426,75306,84741,105591
71100,73268,61378,120064,158518,165378,107385
71200,78856,66075,64557,49734,63253,76295
71300,57184,42998,55389,52376,50343,64467
71400,45781,44648,43901,68807,50441,58280
71500,53805,47049,45018,50723,48372,65683
71600,73954,55949,63282,134727,95141,102077
71700,73327,72710,150526,62470,65322,113710
71800,127918,99821,90297,108129,103317,170539
71900,130369,60819,42804,48114,46745,58969
72000,82863,44163,113486,76581,54833,87188
72100,62940,89342,98212,102406,63804,102171
72200,111300,89637,132407,167302,157357,159897
72300,70769,76884,64594,93124,84296,83431
72400,59804,66455,58354,63755,119096,197611
72500,156121,146247,146922,122337,77123,82773
72600,93326,76551,60998,102689,78622,90526
72700,67256,108090,159374,172078,163393,172598
72800,79994,72781,144551,167580,182061,199544
72900,157503,95875,83988,75290,104838,86588
73000,67478,99324,121847,86654,149537,214829
73100,155432,136287,88221,110385,63799,84951
73200,147965,67115,45991,65704,114054,134645
73300,100433,103191,77829,73955,66079,59231
73400,79554,62696,98689,87963,62414,93732
73500,72302,46240,79263,61433,88654,99357
73600,92076,61194,71785,98950,86763,92248
73700,90817,57977,62398,82452,97285,109720
73800,55797,64679,48594,57397,86839,68587
73900,82250,60740,71710,79879,77947,109144
74000,119025,140664,76504,52344,49172,62986
74100,47844,44160,46626,47419,59419,70550
74200,81294,58038,70711,55104,52379,60318
74300,65995,46132,49130,72616,53889,66006
74400,49073,66320,72289,64716,60653,95381
74500,50197,74457,67113,83828,101694,72361
74600,48594,43453,51262,73157,68991,97172
74700,74586,71026,68853,53071,58749,71465
74800,64287,93581,62650,49144,48845,101136
74900,69066,77925,106162,69234,55408,89127
75000,67326,64545,68914,90665,83527,109149
75100,59544,73199,47430,49459,72533,107609
75200,88786,55878,73982,74821,78726,98426
75300,97389,66959,66766,61910,71251,96237
75400,63545,61493,51243,53208,52873,63851
75500,49332,46560,47616,51331,62147,69171
75600,48027,47534,47668,50003,50629,72321
75700,96906,87304,80162,77454,77033,77171
75800,72292,83665,95208,82928,82005,97494
75900,72946,47702,56372,59220,53613,61695
76000,52503,45857,45266,50923,51168,74724
76100,55029,45737,77316,67844,69303,92200
76200,56662,75873,58274,50234,58321,67103
76300,48528,47036,48359,56123,60164,71094
76400,56881,46317,48093,59633,124229,87322
76500,52705,48843,48212,50524,50923,62479
76600,52911,88478,56973,84514,109033,70296
76700,51373,49133,71840,83739,57887,128729
76800,85686,54792,57377,81403,61699,68672
76900,56692,64456,123404,79869,118382,101779
77000,72594,96665,159865,168964,103458,137526
77100,127304,102366,104749,56646,54242,86175
77200,81920,58992,77288,59996,51412,96999
77300,73732,57640,50708,52960,64236,66611
77400,50801,46209,47740,51496,51125,63450
77500,57271,55952,50952,52113,58745,63168
77600,51388,50256,49595,58859,60672,64632
77700,51154,44894,46806,52261,52077,67628
77800,63014,50757,49383,51409,56549,70182
77900,50243,45431,50728,62064,56968,64059
78000,49431,46219,47826,55030,62156,71118
78100,60743,45770,46694,52122,51141,66089
78200,51732,46210,57715,73781,61595,80019
78300,54227,54208,69517,56196,109246,96833
78400,58209,107250,72153,55272,54664,89730
78500,70167,60880,56253,52544,71543,71729
78600,84960,118833,114151,145198,77633,95978
78700,87254,53788,58140,57273,61679,115648
78800,67768,59813,62031,63782,56851,70800
78900,63319,52666,68304,73636,61414,85579
79000,57031,50114,53558,61164,78236,88519
79100,57814,48162,55133,62816,57933,89374
79200,65629,46419,48518,66251,53402,69536
79300,53790,65908,71400,92802,180240,137140
79400,156232,112894,57895,88016,95292,89104
79500,75535,61962,58841,57807,54808,66840
79600,54748,54659,57298,77127,71113,69537
79700,58503,51069,52158,56133,61752,105196
79800,54371,48616,49376,60804,57012,72507
79900,89451,91603,96746,102209,111833,132925
80000,96095,63301,161270,122355,119441,98626
80100,149784,139083,172622,144464,140631,106866
80200,60973,75803,65011,65198,56062,68055
80300,52807,52381,49474,53557,55495,155315
80400,88312,70102,71309,84631,82371,89126
80500,57571,48193,71289,95715,74280,99453
80600,166528,90939,50654,65528,64418,74833
80700,56801,52514,71311,79389,71698,82631
80800,63086,54433,68527,68719,115882,73727
80900,65621,78502,54151,64129,67071,94892
81000,58662,60237,54227,63593,58915,82430
81100,68643,58951,57806,66726,64233,74918
81200,59736,57414,58548,60486,53633,69823
81300,55901,51094,56523,68617,85908,76397
81400,63791,52196,147512,193203,181384,155888
81500,128243,149799,85773,150137,141994,183633
81600,155563,99984,121174,131355,189353,195685
81700,69009,80798,79827,153264,99751,160356
81800,155220,87036,160338,92723,69747,88720
81900,54579,46478,54147,99453,88691,103539
82000,163991,172168,153054,128913,59608,87893
82100,53169,49497,69497,62303,60532,104393
82200,79115,55977,98568,98799,62323,82362
82300,66205,50118,58638,75960,85902,76559
82400,74453,53513,55839,111904,107388,125084
82500,81325,81901,62266,65426,58586,127535
82600,71278,75941,86857,90076,92452,105022
82700,66561,66357,56247,61005,66348,88791
82800,80654,50095,51757,61574,61535,78181
82900,61741,69377,72413,99384,59245,78508
83000,68004,61399,57441,70603,57223,70851
83100,62173,52380,86380,95267,75573,71119
83200,58419,63807,79364,114217,115411,90868
83300,83579,71759,57740,77582,56675,87023
83400,56654,49544,50901,53989,58024,71791
83500,54652,65254,54609,56096,56109,72963
83600,55915,51993,52601,69424,64648,95960
83700,61450,51454,54855,55289,66136,80504
83800,54286,49957,59110,55109,61449,96353
83900,76182,75371,66543,67621,96784,81918
84000,70964,67085,52351,58482,67964,125027
84100,60930,69228,62951,80967,67461,82819
84200,87471,63512,76685,73056,68318,78001
84300,58365,59249,62044,72113,77219,204428
84400,178948,138307,86663,78699,80908,102732
84500,102592,74503,78434,121229,86218,97250
84600,70070,60597,60143,60499,73120,81297
84700,67510,74795,70048,95123,72433,150389
84800,130983,149325,130653,84456,86347,184767
84900,159695,73713,101817,96668,181561,190839
85000,75963,64889,87240,97662,104277,246230
85100,93210,68213,71390,70510,101559,109996
85200,71367,113452,75677,83910,99206,106722
85300,103558,83826,110850,117916,79461,122759
85400,83131,77823,126792,102840,102428,179655
85500,90272,112282,93638,99821,101562,112656
85600,102800,111168,81010,76282,87617,146493
85700,132666,105984,95370,93502,80723,96675
85800,74483,86042,74874,52805,59319,98806
85900,111348,56762,53544,52029,62336,76292
86000,54704,60354,68007,53745,61812,110744
86100,59775,131400,81253,58098,59563,73043
86200,57159,76980,51369,116229,104360,86927
86300,57087,55380,61823,57093,58660,93949
86400,57462,51990,53550,56498,65550,106164
86500,105767,100497,80398,66351,88456,77021
86600,77330,55597,56266,56732,78823,85395
86700,64671,67384,64057,70196,72559,80010
86800,57155,53024,56489,77956,60668,75652
86900,57152,52676,53001,52870,69823,97529
87000,63217,53289,65693,102308,102294,117571
87100,66671,63199,89985,106702,112900,89983
87200,56036,52271,51945,89390,69812,133702
87300,61265,75935,55150,60735,71185,98971
87400,78473,55888,60232,57850,69522,83749
87500,67771,67825,58830,63739,67006,82290
87600,66579,55452,109489,88474,69222,79599
87700,64567,56754,56947,72926,82840,95229
87800,64333,122907,109237,152905,156087,197918
87900,114919,76626,94275,89289,85173,130330
88000,115451,77831,178770,191671,200069,173707
88100,167813,193421,192343,181949,147293,198256
88200,148624,176626,178123,186203,154631,116129
88300,106725,79436,115253,140428,120910,229726
88400,156457,70039,63738,67855,76065,188339
88500,66362,64459,62401,59237,103455,113025
88600,92194,129164,109921,98415,123560,150490
88700,81409,93832,74696,73365,107928,88508
88800,69240,65477,77913,108717,89231,88306
88900,62990,62145,68344,114328,72863,99231
89000,81111,71128,80233,167355,81118,129806
89100,106977,88870,61260,130193,75538,85367
89200,110476,74692,68122,77134,92729,90823
89300,79934,82093,59874,96196,72348,84884
89400,80397,79242,99706,118683,88936,93413
89500,88443,95239,62008,63916,74773,118637
89600,115651,81800,59228,80708,71870,137155
89700,96025,59672,60877,62058,83588,128094
89800,76353,61831,55074,90735,85283,114826
89900,76211,58987,96165,63160,86643,178918
90000,199679,163587,121852,209024,214615,157951
90100,140946,151020,103236,94028,186041,187410
90200,147813,98664,59329,93329,188312,145104
90300,66134,68077,64064,61081,139784,96094
90400,78643,61001,62825,124077,83864,94101
90500,64002,95905,92908,86853,75509,102496
90600,105206,65036,64232,103903,75840,130910
90700,102452,60727,83931,72416,70970,126406
90800,66202,62622,77263,76222,112421,88419
90900,65914,61504,71417,124224,87046,109486
91000,117776,182504,132922,160440,139178,189278
91100,195594,135506,149717,73904,80110,127023
91200,74053,93416,95140,130377,117816,129843
91300,149120,78192,71776,71476,70705,159340
91400,68282,64366,61592,68547,108059,128471
91500,68636,74380,86249,80254,82709,112652
91600,72361,96105,69546,95451,104213,96663
91700,106301,65540,58780,68541,98365,129393
91800,65602,63645,65061,147893,85565,91186
91900,68881,64210,81856,109630,77683,95082
92000,67778,91939,76872,83589,70686,90592
92100,103991,63669,70063,82396,72406,117573
92200,77303,66657,81846,93790,73687,130615
92300,68799,64317,80484,73108,73992,124182
92400,76271,62516,81430,76936,117244,105558
92500,63476,73202,84931,89958,94220,93371
92600,75601,84139,75966,105148,70904,104078
92700,78796,90549,62702,96994,69949,95156
92800,71794,83274,65439,97679,77973,89549
92900,73898,83892,63750,111287,116552,158518
93000,95307,60169,64030,110832,76108,146951
93100,91680,95666,99093,115370,153995,138220
93200,138417,189945,106291,106525,178494,173098
93300,179874,200542,133221,128806,94383,126232
93400,62550,57210,68041,68869,68582,86093
93500,59207,58159,57129,62459,78827,88504
93600,61018,57436,59558,57224,69684,100837
93700,60626,60429,154505,102228,113894,114362
93800,77104,63950,82149,87560,80522,86125
93900,62608,56490,57049,58694,71129,97216
94000,62586,56395,58264,103265,102397,155994
94100,92049,87604,76441,83731,81100,112670
94200,62534,57427,56687,57895,68384,106127
94300,99623,100305,70570,81480,121276,133367
94400,107375,99303,62181,96935,101088,88430
94500,91215,64519,63408,85711,99335,106320
94600,73135,69462,64851,92060,90325,161459
94700,80560,69588,82525,81965,75455,101861
94800,65451,64312,64994,77528,73406,97328
94900,95992,135044,204685,126897,112966,118075
95000,96626,140151,117188,74003,116838,166724
95100,112652,147877,130538,145248,152174,257587
95200,123664,84225,144142,85121,141375,209995
95300,107081,95773,98446,108938,149907,207358
95400,134625,109144,114958,161297,220308,251033
95500,96066,111404,72113,76658,80558,96724
95600,141943,84242,80821,82942,76646,94074
95700,67942,65017,75369,69828,66856,96299
95800,67478,62654,71658,84938,86753,99346
95900,77744,75982,61593,161144,85064,91078
96000,77657,67170,62289,75026,95446,97102
96100,66372,71218,62064,73536,92620,125354
96200,70571,134278,154964,158183,103862,101890
96300,147839,153996,86764,111013,74304,147024
96400,140941,80656,102612,92161,126045,285556
96500,222117,208173,172708,148180,249995,244699
96600,68804,61047,89738,80630,84524,125935
96700,68109,64226,73965,63604,70508,106795
96800,83355,62514,72355,83447,76853,96635
96900,64183,65555,69861,73498,138136,224060
97000,123593,68458,120234,75540,89612,135419
97100,90451,108650,137014,183643,151807,146100
97200,86644,74512,85228,106961,142301,144043
97300,90643,76122,70998,73375,86514,100587
97400,95053,82249,67156,74734,76188,115227
97500,93407,91888,83493,146841,158642,208807
97600,87586,78986,80584,113958,113211,149352
97700,124091,153595,195038,200710,120765,275882
97800,144339,215554,180239,117841,102563,203745
97900,138229,220370,89644,143474,212526,157038
98000,92756,66358,61265,64436,82368,103336
98100,65226,65598,58611,63684,76347,109108
98200,66841,62648,59632,63095,75101,115043
98300,87481,94032,64580,127780,81309,127417
98400,65696,87001,84321,132014,151517,235542
98500,118526,72292,97042,88246,76874,104260
98600,86587,88257,85552,101652,93908,214763
98700,155723,79357,61633,71603,97369,138210
98800,96663,134595,87868,116898,90412,139564
98900,125683,111296,78030,105687,99542,195423
99000,145132,171770,67617,62696,71112,106068
99100,83923,62946,60263,61412,76207,112960
99200,143883,127991,105743,171635,168275,146769
99300,145743,167756,195057,186824,219587,310628
99400,136897,62307,59073,64539,69640,114304
99500,66141,61479,98828,80651,135213,311768
99600,121743,68739,61482,75961,97251,102622
99700,67684,63992,59798,69871,78801,123066
99800,70233,76969,65782,70813,76618,122232
99900,67933,65723,61053,71570,75403,135459
100000,67226,63632,68371,86320,83231,144911
